{
  "project_info": {
    "project_number": "886574543741",
    "project_id": "praktikum-firebase-53479",
    "storage_bucket": "praktikum-firebase-53479.appspot.com"
  },
  "client": [
    {
      "client_info": {
        "mobilesdk_app_id": "1:886574543741:android:c7491e0cb8fb3306d69214",
        "android_client_info": {
          "package_name": "com.example.aplikasifirebase"
        }
      },
      "oauth_client": [
        {
          "client_id": "886574543741-troe0e3910eudt49o9r3hku2ln7kbg98.apps.googleusercontent.com",
          "client_type": 3
        }
      ],
      "api_key": [
        {
          "current_key": "AIzaSyAQ70PGoxIXExDfH2LTaWnv6AIN9EMIqRU"
        }
      ],
      "services": {
        "appinvite_service": {
          "other_platform_oauth_client": [
            {
              "client_id": "886574543741-troe0e3910eudt49o9r3hku2ln7kbg98.apps.googleusercontent.com",
              "client_type": 3
            }
          ]
        }
      }
    }
  ],
  "configuration_version": "1"
}